post_gap,engagement_burst,comment_similarity,timing_regularity,bot_label
1.915760410006228,20.582763331934647,0.2489533534669256,0.30278331572519235,0
3.9775089829648564,0.6365000405234384,0.37057130554499734,0.3749993850322564,0
2.802159660762838,18.235456749023506,0.42710452670151017,0.6435792754833531,0
3.2078592315928005,26.155694526158438,0.2714622971726272,0.44960494886164637,0
3.9327339606751712,17.30420567097822,0.6996221383532425,0.31733916794281175,0
4.348775578983943,2.730707623620732,0.3220120886121789,0.7476624963328298,0
1.4351745200693973,23.94678000258006,0.4490479236990321,0.9110325475034818,1
5.805869657312213,23.91456096475121,0.661676151563584,0.6130092909042731,0
6.849069151144309,19.321612776007626,0.658947133710567,0.513659579925155,1
6.5515412880364385,9.348567123057212,0.36016918863091496,0.3549275103973807,0
4.429478108978388,31.529822236924204,0.9117323309687244,0.644404103944651,1
2.3363129267003067,24.074361191707936,0.6006412159910891,0.631256448076092,1
2.1046109808096554,21.211156043303678,0.6322644496386974,0.7315943385008962,0
4.0242799374914915,35.61057892688313,0.2240037871397325,0.38088933023732907,0
3.250031336384759,16.905158494382658,0.8510700729582682,0.688435059670795,1
1.2435956342055572,10.675307087595906,0.16727238509107673,0.61912609312588,0
5.062723919039373,15.38086638069739,0.3209535026189295,0.49685558359186405,0
0.9149749280017567,18.822539483590365,0.18470384835904552,0.6825850483224496,0
5.348425825771727,27.278770673570797,0.250811633097098,0.3199716124293449,0
2.1966907950984047,17.790381914015505,0.6042584171359839,0.4392635900952249,0
2.7040545941366987,15.448111294845045,0.44432700006404846,0.4594991840254625,0
2.935240084493532,38.208770578446504,0.2864483546327297,0.6969260823353574,0
3.525504106064346,23.253875928292732,0.7356059679391506,0.7647029029143573,0
3.986258770159841,5.4952650881406795,0.6709878230026904,0.5908663834459553,0
4.261231716468959,44.181265044012484,0.7664644979870973,0.6926059501588829,1
3.7495724112056728,89.7451461137382,0.7833841272513703,0.862930426413546,1
3.435797343728429,9.224482283174957,0.19724454662887647,0.5368089446932708,0
2.6984844137911486,25.750398022542953,0.22701192474008558,0.571944559506501,0
8.785643553914856,31.07353211716446,0.5711159379488508,0.6316171794875454,0
2.6674521626248273,16.679374050775174,0.15266055135493994,0.7645991455469151,0
4.824182197604442,7.056234502042282,0.4909563730432362,0.7222844782464579,0
6.75573201244636,11.662546435337765,0.1608502207359738,0.3550600524503681,0
2.181648876969822,18.128843383482398,0.4105052172920011,0.4759691286359594,0
6.425857352096655,13.281213856680314,0.5328369200589734,0.3622015336976268,0
0.1,49.4210286720812,0.7436104662263483,0.7237015508175827,1
2.6268054231304427,23.20831349375417,0.4534450985283669,0.6248423353838479,1
4.999896329117479,17.52012919850334,0.5123568845958352,0.37998878107156053,0
3.733354246249072,29.407639121493506,0.8944803162792224,0.7155472057691471,1
3.386030173116218,19.992513639817716,0.30103470773214774,0.8059523423369777,0
2.3000251455266736,7.171527625490983,0.5356468893961734,0.6313245461445485,0
0.1268851734771531,33.23709449683371,0.6221869210340218,0.4856486426524127,0
1.0694003708238538,29.25835773723488,0.4064966459799742,0.9826474316649954,1
0.1,53.53679572116919,0.8190600624913603,0.5531889668762849,1
4.59105704644775,9.58728761787824,0.6075296392182672,0.571623358954288,0
4.37611902290154,23.031086184683435,0.8102704629380104,0.35720961662019585,0
9.401266381631949,6.43632464083015,0.45017106385251127,0.7206093729732934,0
5.108847549503844,1.606378776447778,0.26743469399883185,0.8357235948337438,0
1.949253646319359,28.244143170520715,0.5807075152224627,0.8007255634584748,0
2.859138404786684,34.01439064966689,0.6473160453474699,0.7225271656854148,1
2.282832813837653,32.57325870351362,0.7311126861211256,0.9652638906901494,1
0.1,37.12078384333529,0.7479670265070839,0.9114340662854599,1
4.1444637018562025,33.9274900740147,0.7082222168665001,0.8489005636443107,1
2.2672627945735218,16.594547266950237,0.25157551084624863,0.4684398883512058,0
6.1530228845144785,15.426115146668344,0.4174746636076004,0.6094086127092321,0
5.6947294171724865,4.933453740801893,0.3574412109696866,0.3233970486527798,0
1.763419098142692,16.65375362735572,0.2907929914066075,0.2686721920122707,0
4.372242501393863,0.35148529740109247,0.5877651275447081,0.28863788379377187,0
2.181402173679669,14.494076877176134,0.46748443707075515,0.5298096906176918,0
5.216669910895622,7.334960589080285,0.7237927893532901,0.43300136821465907,0
2.16401206731013,0.3773263123754216,0.29439268064249147,0.5051215706390617,0
0.9687865413355925,34.69667574398103,0.6491498114194032,0.7600004605952762,1
5.153071308153712,31.964240833832758,0.34551623449283175,0.7689013552082551,0
1.0914526971314216,12.692573010010754,0.6678953757623697,0.33587143120602947,0
1.6845091568621138,43.58502975750171,0.4019735296389643,0.8614896195812123,1
1.423854856624138,14.049149947603533,0.5365036926497088,0.7936920050711592,1
3.4376337200633906,4.15820376921087,0.5166093567365149,0.297067174935056,0
5.327536615485939,18.075217987307802,0.5063058345234408,0.5402577902323618,0
4.341980905983401,12.518951218495962,0.46285624538633124,0.699286478988155,0
4.951864646588787,26.12221822962902,0.44902658233083403,0.5444678637198662,0
0.42187984483037,11.530590541242939,0.6152749691473,0.4408034295958453,0
0.7353727302506721,33.10300029886181,0.8953849676235429,0.8762203792972951,1
4.778900418389113,14.417513212676088,0.27941575172734523,0.4319781615595183,0
2.6221973812653645,41.103167594042105,0.7892582552135327,0.5276835798102534,1
5.352317240659533,22.111138760505355,0.45803820978833604,0.6461644372482573,0
5.2521434928789015,37.91939652437377,0.5165701695664708,0.3311609251760939,0
7.269246582820777,25.385999608940875,0.4148515812656277,0.7229316937359088,0
3.249949591886028,6.9705810149332565,0.35610464225063115,0.7328337249730392,0
3.205559069376771,27.534001493072132,0.1774580793229124,0.5235050147404561,0
3.6120937182353297,3.8764293215029624,0.6761766154185019,0.49832044539168197,1
6.459082085258718,30.455195274445497,0.4048551383502019,0.8476372881375693,1
9.834144813900812,0.1,0.12893548696822904,0.6257318044631267,0
2.610868964480392,9.695023009261043,0.5753640182334672,0.8606712532379974,0
4.618396941391142,6.633717411968574,0.5343992598369424,0.3070307389523813,0
1.911224366317855,22.036777375837225,0.2316723880887186,0.47955258566793946,0
1.8506437777308122,12.795215345001587,0.5860928477131038,0.2656856913026257,0
0.1,24.937448715635234,0.5226253272846979,0.4998701705021006,0
5.0353538044756405,31.552398093692716,0.7687849028185934,0.691699600534153,1
2.6255735271469307,32.27860724757997,0.5062522807098754,0.5510244830477924,1
3.871971282193069,23.92698320683774,0.15531001975107173,0.3939576345135198,0
0.1,8.62911405950408,0.6687971908652727,0.4857138367698614,1
1.2389529961467771,3.3517664669375105,0.4819020910707316,0.6442952706677598,0
0.9246444166092928,40.870677635070955,0.5435957944440821,0.6263290271636801,1
4.283167709616209,16.798369447013126,0.159671274984071,0.6440753100926357,0
3.085043020670847,43.84576083774643,0.5323508971599791,0.8261489383120775,1
6.772271662755701,19.143474903837692,0.5434252277779585,0.7349276556203981,0
4.318708168061041,19.8209600573036,0.288309914870834,0.6180476501449459,0
1.0992447652116897,44.80086121908785,0.7623334933639818,0.5824001588196546,1
4.1421789814115995,7.025470414695684,0.4830981594811315,0.7398431222006536,0
6.03838465570662,13.325842334599592,0.5738987390118339,0.674736476312378,0
2.898901548650528,25.781721990360083,0.3434559755868212,0.6228585534702358,0
0.1,2.8640788177766217,0.6553097791168443,0.3759320982551988,0
4.014034424300454,17.34661924705974,0.47271137111819134,0.5285703995502415,0
1.5693467963220094,23.95756594458422,0.9243466403127794,0.9943194894070929,1
3.6693065121030886,25.45108756133065,0.28126937288709225,0.5491021334499075,0
2.4409751617052495,42.48212390729554,0.7196337271325286,0.4959591903854388,1
4.228243614864468,15.197697294350226,0.6011314848984731,0.5997813073604408,0
1.1877057859971714,19.965443192917103,0.659595872834598,0.7344633614935211,0
4.016452994225304,47.97957491598506,0.76963113743301,0.8355115362294588,1
5.245381457510026,13.735117054959575,0.4549659718018473,0.30769074326475626,0
5.415660204137528,37.038397625734106,0.5851579209562242,0.36744139570199613,0
4.169613020296662,18.79201659512289,0.14342058450355066,0.4987325315265696,0
3.6649183200739937,17.820444217297204,0.5513716216298514,0.40635131170143024,0
2.101187838231795,17.50970890217739,0.5862841354521864,0.5894931814540724,0
5.24716248589375,14.678746853075788,0.5867353960885807,0.6547103710000499,1
4.401163332906057,13.078004525632572,0.3977466397317341,0.7206763031399994,0
3.452911505199041,38.84263967302526,0.776025210757138,0.8851160215881813,1
4.379539672695566,8.897936770643621,0.3355827150749169,0.42849741647697615,0
1.604571690553292,0.1,0.3266151287797642,0.5742441767044943,1
4.61260183087934,17.621108805535325,0.3399107267659514,0.5391233191566734,0
3.4344829610803735,13.16913396796285,0.31314965362725017,0.544800807048058,0
6.115520755792163,17.590842506418284,0.3906741283291486,0.4016375775641233,0
4.501486862858761,40.12037583930674,0.6734881399026664,0.8729531659687777,1
2.7451686429204614,15.048500456087305,0.2611103693876772,0.48001783888204824,0
7.474088079285522,18.85068333754704,0.3449032693021702,0.7470273297684508,0
5.249926440174788,11.409330329247716,0.4854941918133804,0.7714401157264974,0
6.483523106069302,9.962755773041595,0.724177949491924,0.5798650311441004,0
4.965151074785919,8.640647814365067,0.5719916998309325,0.3873204118490466,0
3.476327595270951,0.1,0.5148826109138376,0.8545167650863897,1
0.1,26.676582119241473,0.4237858515359951,0.6465632986125721,1
6.84070205565993,28.032017887590463,0.3026177265620526,0.4053116905037123,0
3.4175756352710045,15.975179141502215,0.24941401106037647,0.38312706253188816,0
3.0761166228253765,1.066455159712364,0.4706869350181787,0.42935883157135996,1
1.7884985168220422,20.159924665360528,0.22881525256608537,0.42142929392834094,0
3.693844651045095,17.834345992836457,0.666483755374996,0.7161767049723758,0
1.2882885044964734,33.01770192095223,0.8109946928387564,0.9263196681298742,1
4.57320175718157,9.95208043075558,0.7157747236578469,0.3452020571420422,0
5.652266039611538,19.55425595341897,0.4381434745147702,0.49528642739236417,0
3.151751282487346,11.684458979989454,0.5519698021416733,0.2605312628331444,0
0.9793927605439344,10.471364495767393,0.4411091390654931,0.4903337196740541,0
5.268744740601391,7.465152691060345,0.510669414168591,0.6615785591318291,0
5.23360330703303,20.78000292905805,0.5496167037240234,0.8054155117994912,0
0.7040334471859683,18.3892898446758,0.38835228128107707,0.3751199522819844,0
2.3087530643996925,3.958618181966899,0.3532743717099974,0.40168881064025436,0
0.9259695999689921,22.616219193604724,0.6877246627511852,0.5203025463036997,0
4.559048644068866,31.87044553041141,0.8995742180873896,0.5989946850063983,1
0.4867303077670586,23.349648251082595,0.7565882264097376,0.6513527258852582,1
8.268337437546156,6.4580459485386,0.34523632575373886,0.7496067005870434,0
2.4831791459994674,8.958926579699579,0.5811232082969086,0.5207040173441849,0
4.054981056573629,8.592917328213613,0.45986525452506855,0.42720357199505454,0
3.470704002295768,3.675004539913698,0.7014229934043937,0.5649566335890368,0
3.5907137105620572,57.15548071660424,0.7157906356877378,0.7640734853861983,1
4.323202937599734,9.596153231003214,0.5234660262139941,0.45796533963475095,0
2.2349055136454714,42.37720095681595,0.7946431810075179,0.7785628179072038,1
3.1691682847789107,40.356835891245424,0.32626992160721624,0.6769637443182915,1
8.437139146816769,5.943724317272851,0.43859761975089256,0.7828946007533816,0
2.7564401948572987,29.4817486207209,0.5569071240561376,0.988589277699361,1
1.6494422905128732,12.687363251316794,0.5362182180837297,0.48292880937146315,0
2.4676358718039744,38.330985790953825,0.6498707857217202,0.8671436652337644,1
3.5713797380266383,16.311715289966852,0.43041391008707386,0.4162439718509461,0
6.9547802292222904,29.22227322412839,0.28344579942442966,0.3138205149994321,0
1.805751316040548,21.95224719525039,0.46147680540099456,0.6152009897150776,1
1.8784466871685475,50.662653855512936,0.48478287547253474,0.800709648051185,1
6.400673379970854,11.943858650805932,0.5472289499642108,0.6838927903821703,0
2.8998561789085366,19.872306542023637,0.4736340841470034,0.358947488964541,0
0.46253159540716915,13.34445461837356,0.31859694444122405,0.5548598632642997,0
1.8353538276797599,44.13483608650404,0.8519327637065462,0.6885158158775291,1
3.95744226414143,21.584050218693804,0.5113991272499314,0.41943245056459344,0
2.5957937526109345,13.562600331387312,0.2956490592798506,0.2732095236688739,0
2.706324424492738,14.15034986276006,0.2795543798958796,0.6957093041665743,0
3.5825842083565322,19.488342903062872,0.47533057250042604,0.7337088967229558,0
4.256559767779219,58.06670182665851,0.801877631753516,0.8953663861170165,1
1.799754800165047,0.1,0.43507282973768113,0.6472566518742275,0
5.027033693018804,14.686251770331761,0.6839437412314311,0.7524611242226653,0
5.525606513211146,22.433720178507112,0.2622835506473656,0.6018316603862237,0
4.039298634209503,21.024197150478166,0.5616873541791731,0.6263512880744683,0
4.330117502481106,37.546158906421475,0.4510096449870504,0.7602076574309254,1
5.578666114114135,30.936463422547853,0.22151953903366278,0.4223768752814526,0
6.308244641272245,10.818426226422059,0.709401405101218,0.5307843068470787,0
7.945458925349478,7.273762186786248,0.21066495731269239,0.5680065619788748,0
3.9022565910034217,20.101509117355725,0.5411950200046387,0.6103686414398211,0
4.54386542883321,23.551472239713284,0.2859204297090264,0.36337718712418593,0
1.6752814288116402,13.085481800612405,0.43976886396676235,0.5485502673146765,0
2.6099656609297948,39.436359910985516,0.6679944931566163,0.8028774882955256,1
7.83961573532482,22.040630129488957,0.30839651227605874,0.47373759151121075,0
5.969872367944891,17.611937676290573,0.5653961327891825,0.3904685011648844,0
3.6438641597178374,30.584335541583023,0.36850607934817514,0.6798437093171716,0
2.5420367232813144,29.145207652955023,0.45223013089928643,0.517471705811202,1
5.81648560529228,6.332933357113771,0.3036579082116229,0.7325575482956431,0
4.439380109878004,13.886611638547892,0.5243144312240555,0.72245222408051,0
3.9246120106495037,11.078734205568809,0.4182922255845946,0.8409020950086635,1
3.6552363807773824,18.654867149010336,0.3107062686628215,0.7329238045994001,0
2.5630994607813946,18.400955587629582,0.31100369898723634,0.4918616083295266,0
2.2548594739076195,15.413515433386916,0.42482708119036344,0.7333256690883939,0
3.1960525921939498,6.616310627551439,0.5637851893985402,0.48153338931713574,0
1.9217114910952686,18.94593113107287,0.9065295407175107,0.7946221036371921,1
5.163189709184302,6.733920370605012,0.32120288425935023,0.7604780276036753,0
1.0882317526008576,30.482551199573393,0.73467221718348,0.9208019496248574,1
1.5202757121655122,25.21607024815043,0.5952386655811703,0.8936182092912216,1
4.515569950152086,16.794824632756185,0.510040060934791,0.8551804091904602,0
4.219404495773278,30.654530891494744,0.3100983615519185,0.32259357581698783,0
3.2931944252989074,20.823894243749795,0.6139054503848821,0.6117679356153229,0
0.1,19.368345429898863,0.6891372249503775,0.941461304628678,1
3.251225997511764,15.485510597247945,0.2980482585928462,0.587368136082022,0
2.516075239925013,33.20010406952095,0.6938402042829488,0.5731903535758933,1
3.883799597558637,22.23175542430686,0.521714796937539,0.4459303927081731,0
5.345176433598715,19.765753781385456,0.6560931739779516,0.6709695055367241,0
2.13778944173361,19.50288175125501,0.4361746126164667,0.5270068324037558,0
3.2840695366616743,12.969274629857184,0.5956073502922693,0.7460609422203794,0
4.00275137223586,20.16135445826544,0.4952254080542284,0.9409701570654887,1
3.434319578651358,9.371152972588217,0.39814800997867894,0.6847094107779758,0
3.2345630264495635,20.36822049560297,0.4347116521711454,0.8495788559394941,1
4.598779113065241,21.042379318111486,0.6067856659847625,0.4943545311813383,0
4.439604982661986,38.698886772260046,0.5709690633311939,0.8426883015384443,1
3.5694774271323455,9.90848336559187,0.4460136566292549,0.7108646817942739,0
3.678842582491406,7.321582614955258,0.4035282138318578,0.47424366287972763,0
4.010274967344074,1.083118787508806,0.21871162510116945,0.3708545386257699,0
4.311591233721757,14.362065968598246,0.4036847275505655,0.23543542235199605,0
4.99758264517428,24.548944614942208,0.806251435686738,0.48653776279871624,1
3.7304661753339117,51.12553757322128,0.5192719358013079,0.9290359502307785,1
0.1,9.477329094936945,0.2492697011521926,0.47697376605256464,0
4.442969739428073,49.633261582325225,0.6000369235483991,0.8286602118953608,1
1.648278829639211,10.222930509719268,0.17841705997840396,0.5156593751208752,0
0.31670879967190246,23.397999429233515,0.6565976005168235,0.5888721496928642,0
6.145511450725885,10.416003843700503,0.4164943211272637,0.7397305839171654,0
0.1,28.81603379541972,0.48787433789885587,0.5920699672842792,0
4.039085804688321,25.424335690524586,0.24912147228274678,0.30226278626564906,0
7.166298648740698,4.146462437913556,0.5005911243304879,0.42496362837272483,0
5.048387016404731,13.94134506884112,0.37916355335954494,0.3994303648126916,0
3.043298598529341,12.373028310637743,0.6706497329739666,0.49952337438946004,0
6.564501131893815,31.222379770338993,0.541561718707023,0.685782601056237,0
1.9578011753735534,2.605514048505839,0.6746155436100391,0.5234461865654818,0
0.1,18.587008587620893,0.6354467147272281,0.7649923422362895,0
4.072654609987964,15.765703827040376,0.4534241385369909,0.4278809375000772,0
3.6209080317351696,24.368056518290555,0.9283235594513074,0.5718282985231334,1
1.2241228805837243,0.9988235376451815,0.4374088741586878,0.6674131691109817,0
2.695461232077295,34.5520531666306,0.8038925400377852,0.8747002331446833,1
4.181081866115732,29.943874985271485,0.9632073228119726,0.5408429305294877,1
2.085498031419349,25.393380065040315,0.695278184488216,0.7923725706096676,1
0.89066846177419,22.310458786890578,0.9044761431828574,0.540214554794629,1
5.7765431542261565,24.244781353457874,0.5279441948725745,0.6389642338364072,0
0.7728603182864547,1.5352270387178972,0.23451446143062854,0.5048406391025767,0
3.198631018539962,6.175116615755832,0.5588006547560094,0.6065480835779058,0
1.497216576030152,40.11349423836777,0.857000305896174,0.6619047867788495,1
5.21156111376689,5.080985441308188,0.3514858983082365,0.8062768577796711,0
1.9075842403325154,25.366587197555425,0.49919504216985167,0.7145308069592261,0
2.199594332744712,3.9209260427643913,0.5010160498446483,0.6229657148660702,1
2.318394965369524,18.499795164097875,0.324436008914458,0.6146112917356092,0
3.473007233994668,21.58299808050363,0.613989478384448,0.7407749847587426,0
4.130026627061995,28.40432249289711,0.40339974966746,0.6197744708398135,0
2.940871961327727,36.57138892259039,0.5420537905356716,0.5301729978828575,1
0.1,26.003867838398854,0.6906058936770734,0.5884367629553624,1
3.768551024685709,9.701931534167997,0.5584529637806877,0.980972851861994,1
7.32318362754904,19.196275802567115,0.3674283207887698,0.6150051581315683,0
3.282184168481678,12.158016052006891,0.24432611039363727,0.5082134826257385,0
5.8269902841789065,0.1,0.5984612356445027,0.31577775464234287,0
5.767193248865898,22.52092820688761,0.44294598828001824,0.7593268229947617,0
6.456041482953952,5.00782654379101,0.49249125872015637,0.5078961159511209,0
0.7465646629724452,3.442457368295531,0.22405470925557935,0.49719119003325046,0
4.743116243388488,13.619585854233584,0.25474325034891226,0.4331313695105963,0
1.6230834078786387,30.65228910099647,0.7650190094062185,0.7550984606361334,1
1.560991736255081,1.9968664663973823,0.8469636644484548,0.8830893065312422,1
7.957016597578075,19.17294418050957,0.1275265134203069,0.5140235925887623,0
3.8224325467701683,6.256143515423105,0.30699080500304127,0.3415817074927651,0
8.261562849670222,4.152051295504773,0.20446643556129201,0.6355652465521767,0
2.193101235559942,18.037420788184853,0.5199900139358002,0.7114129961208306,0
1.2641634581808143,20.63375729979908,0.3389990080277445,0.7207144140694509,0
1.735601355430917,12.902168082026124,0.356818065283393,0.5064385846598867,0
0.1,47.79049736245175,0.7332159464653506,0.6620388975844763,1
1.0544099406563165,14.692363606323847,0.1424526000612799,0.41717872088829877,0
7.139864954548732,18.59979783595908,0.3348705769675494,0.5520829423125185,0
4.634940337826143,5.727561397193055,0.29362502702911186,0.5012644140588872,0
5.213585156192244,21.811880577127507,0.2771661373574764,0.6627916200328464,0
5.01471689881238,0.1,0.17582047645519883,0.7490875079384116,0
4.495843201517709,3.776953761723786,0.6306536336317261,0.6751544129882783,0
2.5394708351439856,7.807778941684587,0.821048801607397,0.9147755862232645,1
2.664336233154939,14.670871936846606,0.6429132395989245,0.5419833588913352,0
3.0909629183691276,18.643944160004533,0.6952489199652203,0.6809298361803009,1
5.052697627135907,15.07223018600056,0.35901085620210677,0.7424822771089571,0
5.4943146647465815,14.099550825743869,0.4125046668007689,0.5624798743426318,0
1.214585367328986,12.293087455090005,0.5527886629530996,0.6755480140341201,0
3.025917060722317,16.312573286602202,0.5441446745380152,0.5257487935693937,0
4.695876568763133,40.038840837352026,0.5067700924339393,0.819606473170612,1
2.6039303796138107,3.5803313288844048,0.34221894183320795,0.603068451774306,0
1.6183487164532195,2.744768746633997,0.7507228529035901,0.6913172153827332,1
1.4819428569130215,17.583634331039764,0.3838131512749648,0.5920473215861067,0
2.4339951360144965,15.849870546694046,0.5341922615623446,1.0,1
0.9097585340204937,1.3259295795247907,0.3795604490723964,0.3383687306676586,0
1.1440536277004874,31.83734775111281,0.5214644114419604,1.0,1
6.707623508257089,18.49983507951956,0.4942581907822388,0.47029336957308854,0
5.329081661965035,25.899484207475695,0.4326787175190563,0.30458789499568867,0
2.797037809492478,17.940836075147608,0.552057265342946,0.7979865210726427,0
4.001263477626275,6.291745430162025,0.4971107741697195,0.3390124710524452,0
4.369063680586133,16.931982627057987,0.29212348436602414,0.40914796457405367,0
3.089736072411381,18.331242817040838,0.679543118484198,0.7563800378394985,0
6.741520464632851,18.59204900041982,0.5766502924809255,0.5990478804890199,0
2.3125947478076507,8.311425164732904,0.5807427545904221,0.6678774549149984,0
0.529741568765671,0.1,0.49014183098150693,0.7683449611182361,0
2.8742728900345518,25.70977552226301,0.5671054520647545,0.4471208637210592,0
1.5082659221606503,29.970425157918665,0.43735358802046304,0.6815451027010745,1
4.901004993435532,20.361756951501807,0.3581925661550393,0.645929203299253,0
4.30615195817725,0.4370030813986907,0.6603071247162089,0.6051642917363748,1
8.390843452830206,3.1968329829343918,0.25931436237961736,0.6220682130255585,0
4.083700070013241,30.232011734812087,0.24169858650465637,0.32738251843328015,0
8.164624222313927,16.76935659037274,0.3737453218545755,0.43328821825605485,0
6.683624272977758,0.1,0.5989763081013072,0.6390114947760471,0
1.5245349342334125,14.46119477374621,0.45302817492219427,0.39115876493129953,0
3.7129758734133236,14.119062500148015,0.5553339781928832,0.5575596569632487,0
4.5347124824715,32.73967052081695,0.6728823132941685,0.6794103170755366,0
4.575163395501089,10.524525703791614,0.6274948287401303,0.5801896852612191,0
1.8483230574484697,18.549403876134193,0.35596634479196876,0.6424239396422053,0
4.27115460332443,12.963145970415606,0.42167155210841173,0.7668756552236835,0
5.426228981431441,24.714190876184947,0.5094349084880174,0.372684497256912,0
0.42328801699646307,32.4458492222343,0.743122247353721,0.8043431892969055,1
4.489902326894925,20.31440112984553,0.4469514578187739,0.6469627210112773,0
1.6452959748154692,20.403706650252975,0.34365947365138005,0.449076300323094,0
1.8555703627800906,29.717847070334,0.556318778272914,0.6742677593622106,0
0.1,48.67946992525476,0.4584594452075065,0.6263570325590502,1
5.234821007025824,18.38852190058979,0.5299979312615803,0.29572991826249706,0
2.7170534547250798,22.42633259252319,0.5122056320840142,0.3048766722354767,0
3.3809813836196674,36.579745739782474,0.47367021162572004,0.776147175745168,1
5.828942438904853,12.295094348429533,0.5498355080047076,0.48787648852511073,0
4.89827133919927,26.863108823741996,0.4889420670111646,0.6135021762215136,0
5.504978482785718,23.09532410805628,0.5842911865870519,0.6424618011819963,1
6.228094750537214,20.56461175112612,0.443633730166904,0.40075716861757876,0
1.8462281012785855,13.451301969752107,0.7656470710258618,0.7974691974263648,1
4.958192829762983,8.98849867545243,0.5052940169025669,0.6765790946291876,0
0.20224409734873627,77.54559895740107,0.6084991218096054,0.6151093433403402,1
3.1659013537777376,11.518452100803668,0.159341115939618,0.5428031332716121,0
2.394623273050899,33.40250898354325,0.8283378708369121,0.637254092302993,1
2.8642109967846863,11.188532292954505,0.6788328585837461,0.6310560386927311,0
0.1,9.013915354840485,0.5800703916450147,0.4341197764454346,0
2.8812594339799067,13.67131803436984,0.3036815113139327,0.6620903884362975,0
6.121221157217098,17.311624205345716,0.19725529796230118,0.629417653395268,0
3.7804175435088547,6.428878019780719,0.4401743016140767,0.6951284672867816,0
6.870873777974756,20.86399100824432,0.5718834782134932,0.4319685334316667,0
4.370915737374104,27.533323068939772,0.3563968523154982,0.6728919111344225,0
3.1478528574744873,13.994236764600373,0.28064979784582045,0.9099561247347496,0
4.699636759375505,0.1,0.35664328628651376,0.5889705082621094,0
4.917718853413699,12.892175602884075,0.3253528611008881,0.7137594016321359,0
1.157514516574798,27.993760575860357,0.6232778479722728,0.9566284012701647,1
3.426796578233123,20.437004352621365,0.3993246303775817,0.33477124200523123,0
0.1,8.319719485335746,0.26149789954482694,0.5336987916871433,0
8.151634896099967,9.150842701294406,0.3358292175914904,0.5253658793994018,0
4.536648600012222,9.734181280851375,0.40335892329567047,0.8415376910952662,0
0.2948912558037041,22.797059845524068,0.3840774470108968,0.8349861915175125,1
2.734496146150636,27.33095928467144,0.6096602115450379,0.4551735900643959,0
2.3069397453499136,27.92021124399009,0.3744413419799945,0.853194616344971,1
4.972563997677838,19.974272228259075,0.7100602735044979,0.40997122741334263,0
3.4926417992650554,41.116145732858875,0.48431636551102436,0.5768394962601736,1
1.0412715725495436,11.288721833519581,0.3878962024999001,0.6599013256370304,0
4.927422302508166,17.762211999400257,0.491996430503698,0.4641296503414244,0
2.669977031941798,25.66002504608956,0.35997742157327217,0.7118639579528218,0
2.442443072458123,5.059712266385517,0.612341359350906,0.2674139646516134,0
1.71905128342174,31.215469367660905,0.34538809842217283,0.31597573840456156,0
8.052195421589579,22.998215505867694,0.6580541725456016,0.45415668718577207,0
6.5568288804960275,20.049388118696456,0.22910935003073102,0.5672707905894299,0
3.932800983722429,17.700342792071456,0.2977323317883823,0.313479011952454,0
4.925254484465689,6.598958031119646,0.31524619506213264,0.64192020405026,0
1.4998153910990757,20.25594598494314,0.414565703540257,0.6682793841004253,1
1.9780720342885252,48.656167177691316,0.6040716769837964,0.6533649960099336,1
2.5670887347368714,13.997882364437435,0.521464758174968,0.7502474247424692,0
5.577737234496754,10.10595985201504,0.5888425694836141,0.32158878722315715,0
0.1,45.33674330208131,0.5855355024678004,0.6172670275764458,1
1.5490075183978482,10.246557968604778,0.2026828371993645,0.7297307354355849,0
5.392300573389286,17.240928912773995,0.74037477269711,0.7301308754973691,0
2.650946236128595,28.798909526239253,0.6257748149452631,0.7192537522946769,0
6.639571914268167,5.29986528791947,0.3592317939989526,0.6338763671792192,0
4.33194490314542,20.107512685228606,0.557709564826651,0.5018959134699691,0
2.831902639153941,21.498714899583618,0.6940018974241514,0.7925939522617581,1
1.8709216768513643,13.489309652871398,0.2757547446114982,0.4712828190734817,0
1.5478308571141224,16.233031922522212,0.28721125794551694,0.3065428021301586,0
0.13667074787468994,25.433706663882912,0.12776614861658098,0.6663731075289401,0
0.1,37.45450124549758,0.7232085046571071,0.6392424646283876,1
4.809193216989646,16.07042681699999,0.35425846419936946,0.394579175482909,0
4.38863546210982,6.773282953490424,0.2593035255250934,0.427755066353854,0
6.427736501386966,15.421674683430405,0.5223623314834303,0.28935851200930085,0
7.397289770843952,7.14723761013922,0.2810918634444578,0.6512533991173484,0
1.5556406747826634,12.555210462716714,0.48100843021933326,0.6964928810577649,0
7.105469855041277,9.21292531822828,0.38796154883601847,0.35180223338205163,0
8.919659687508352,4.409415960354677,0.38697928528784936,0.535608886397082,0
4.223791471084294,35.96968567288513,0.7074119950939127,0.8699520458125702,1
6.634409232565695,23.17951841968484,0.39894578853804635,0.7273318201988552,0
6.145250401387596,4.924309156087281,0.2727252945622613,0.6816736095372334,0
4.14407656426032,10.845869988684006,0.6636906533081344,0.32054743464883495,0
3.4044084831086123,14.001292724787273,0.3129638376840163,0.31897485314820534,0
6.1072431837809384,7.774365268513625,0.6832763279105625,0.468628539584443,0
3.858791408548222,7.778785100501683,0.32059555708074666,0.8104663747598032,0
5.390304921247643,17.829535987319034,0.5520421805677733,0.6025694957539094,0
7.007732527260641,25.14187339497416,0.10962169883378314,0.6998249609012203,0
4.90359560951293,22.335322389442908,0.20590335240205546,0.5687857484993951,0
4.353918884402151,20.89429989277579,0.6305322846838971,0.7367302258343935,0
0.5631466020740283,26.163242005665765,0.3910761289825852,0.22309220478743425,0
2.2600586374096188,48.64524053102409,0.5132570591134402,0.6813969178062339,1
4.699253050220209,7.878961714618832,0.6347704702715232,0.6502900645666372,0
2.932879067515869,0.3746484467144334,0.6362872885094338,0.6928699326248892,0
4.944201589705943,9.192956921598142,0.4720522517712178,0.3874068134289068,0
2.497118824682986,10.224369700420961,0.4667112219192097,0.8172753781355508,0
1.621391146076688,13.080201691425525,0.49955067655533386,0.6397323473103684,0
6.96080204531546,7.4311945724113855,0.42268960790955085,0.5230524882922917,0
3.5804878578354273,0.1,0.19126687842271234,0.5612787338726315,0
8.071928642001604,10.298224171273498,0.35295228269451906,0.6797475549729805,0
0.8876653884825612,4.622954665689124,0.3716648146655395,0.5553986549983189,0
0.1,41.42042165956174,0.7912911740980685,0.8103354131377466,1
4.104848893729182,18.862014490378225,0.5299582294420492,0.5776200409215666,0
1.7196938854763741,41.03913583217479,0.8653711719663921,0.5375342843032883,1
5.0266719707299865,14.800195262100646,0.635703008757334,0.49903591036712563,0
4.116586375917547,5.9352017405285356,0.6674936806627336,0.552025073852304,0
4.73841034771831,30.114933649359493,0.6390786860758969,0.6108336339693651,0
2.012110640453953,20.70528611246264,0.4356065270462189,0.5924174642663429,0
3.5381595544121103,4.79486203725933,0.2753006451233006,0.36419914368757617,0
0.1,12.318864862693044,0.6258994642862789,0.33593544136697845,0
4.401030845960011,19.178068836854965,0.6593043417542422,0.33094382253856275,0
0.9492075669608261,42.67330405352732,0.45455177961783355,0.5914945747134635,1
6.532426271030863,2.313872657065934,0.22327000159523794,0.171936867422614,0
3.523863756308933,17.360981656843606,0.5953655198822725,0.5096912998726963,0
6.221322501114598,12.73335160349991,0.23862860933933333,0.4428603017130122,0
0.6466969365727675,4.616630018562358,0.66140756959264,0.47040378491587986,0
4.471761595143342,20.076627273796024,0.6971875252578579,0.21896772070462628,0
3.81398576687838,14.198636763939831,0.33601358094461803,0.5792909712435564,0
0.28491989344280577,2.8723625993053163,0.6016824910621841,0.6675188339075009,0
6.716769578638895,15.343175681009063,0.5147938161439151,0.47198452007404906,0
1.9501944897753576,22.248065025101567,0.23866262171740427,0.5079357059060691,0
3.6827250011959727,11.933632127012455,0.7133669089177878,0.4932330395772748,0
6.0313089837869365,18.636241852955322,0.3093641339944377,0.35648313359073935,0
4.552100069100111,21.04877279303237,0.8250531284605939,0.748600701006657,1
8.285169680989368,21.770189620294936,0.3784651297610774,0.561804040739589,0
6.620163479772419,27.458782914520704,0.6944925245646763,0.804080266188061,0
2.221314805459045,22.374637911925053,0.5986794267985717,0.2886549846979215,0
4.396271535671683,26.562296432634977,0.4971092825166029,0.334899111261968,0
4.4144827000533695,18.09489345109841,0.6179817499243664,0.4374850169181267,0
4.71857993911221,22.641698380653224,0.36792200301900135,0.5904332356510824,0
0.7964119759752224,12.170516891864791,0.32039311110776264,0.7050345298126893,0
0.1,11.283222131907289,0.48072758632414936,0.7137385426978254,1
3.896697506338656,21.056155407967086,0.836083642798455,0.9005324899951699,1
8.936297663459227,13.225062078992336,0.44884024515834225,0.377009177686092,0
5.9774892459491635,22.34032263009706,0.6157238855092786,0.4974676833521855,0
2.363855107046864,56.09533381455062,0.7573165586058668,0.7022785895585547,1
9.237059455710506,19.636608001379052,0.4913589046910037,0.7672229071779145,0
4.759193361245603,20.427717811928154,0.1870238198588727,0.5435532874613376,0
3.9312833129485525,17.57924249023579,0.5159571721660733,0.4307701082821642,0
0.1,22.61358384622726,0.6506986386693373,0.5246712711202444,0
0.972378680381765,3.918310642114058,0.5325470841049501,0.2820491269013807,0
4.167272533967377,28.27307322459137,0.3490103546099497,0.6290155132569901,0
2.901494136703218,5.7794628195201065,0.3259013913661095,0.3085165094074688,0
4.795591977495597,9.087605143313105,0.36909155957028766,0.46472283791679464,0
1.6003037370834934,0.39931592620761447,0.7538975023220686,0.75389243483751,1
3.0166164737251995,3.9279334267875248,0.8250101627320103,0.9029084498535237,1
3.6117355342673876,20.257328071781032,0.31174554176299313,0.6774866940339699,1
5.4788884781838485,11.653134010534503,0.5998330995399705,0.4935532997781394,0
5.01927109847869,14.50541865828029,0.2905572210026338,0.5968326386657574,0
6.820117591879868,12.876427551595548,0.6247876771803125,0.6814627527476875,0
1.5827914899353221,10.370187414118874,0.5783721111040792,0.4243232019318387,0
4.075058867101157,5.151138455210434,0.23701546879532953,0.5092870464493396,0
3.0046910817052233,6.335639791961727,0.6716451974784879,0.37972458329855313,0
4.435275624307879,10.444444033080643,0.433538282217042,0.5176113575463358,1
1.5757285999855901,10.888614759911517,0.46751738050195707,0.6717025107228639,0
6.122952912741261,29.992156696043143,0.61855062102424,0.47399716248057494,0
6.40937315507016,5.688847804882819,0.14288484202234497,0.6745909062926448,0
2.3970089008962794,12.751302975657778,0.6790589865694323,0.2923499147920183,0
3.9439383789891793,28.702222465819588,0.5873709478498262,0.5031503813749704,0
2.951702281000602,22.951487652142298,0.8061589683434149,0.7570793603564374,1
0.1,16.158860353262348,0.8879278045627308,0.7649068158395811,1
2.2851343739843495,44.33712715948246,0.6248295541305852,0.9528063065890714,1
5.6932164085166335,15.209443169712095,0.47826560846389055,0.30953032186339613,0
1.401865660795403,16.11125090671233,0.5688591994051293,0.6560880758685355,0
4.752880999842769,20.059261254041864,0.4202288450455152,0.6683992401373682,0
5.74233168017779,3.3383986133201886,0.6954857670356455,0.6082498552144066,0
2.4154093283142672,33.50697383508302,0.5897782122816071,0.885743387232658,1
6.377652030784321,13.869088066626215,0.35355498876208097,0.7527899714103734,0
4.740264491971959,6.491589777557117,0.4630266737001489,0.605686577253073,0
4.987684047079719,22.55181472361734,0.333225294784116,0.7862260734347922,0
3.7911845403408018,21.77685840472383,0.33152779832868423,0.511121966919156,0
4.712089478073371,20.51672458001341,0.48339027936490286,0.521093936324928,0
5.447486923713027,0.1,0.21431880094087605,0.6790240116450624,0
5.69318905708995,10.866148517373956,0.6598354870940167,0.5238803598491192,0
7.295764747631291,19.30307416901658,0.37416607559797926,0.37232987877372736,0
2.1216319900585394,12.156409425096983,0.3318496504765419,0.7201758004963114,0
1.9904800774336913,14.852067747472015,0.19418883593721026,0.36118037593907315,0
3.2601559251141303,7.217076272137796,0.4749905585622444,0.5446516321063587,0
6.6214993559162485,12.899791690488673,0.30213386028606926,0.6632203694055933,0
5.3620655347909985,11.066363136481748,0.5148095156357098,0.6304415176786808,0
4.021450226517368,18.730983420853,0.45062176506430934,0.350175625159915,0
3.1226553786245637,28.84009204732149,0.6201115694738678,0.5859658943403104,0
4.664659753734984,15.263768880208339,0.46131994463254417,0.44323793086173924,0
3.6690156970178114,11.948072383145051,0.41390942892647675,0.4475488444721431,0
7.052127431777026,13.44485268515136,0.699597216155056,0.3239851855701795,0
3.878406349906662,14.683015059846708,0.4325862866365315,0.8076031086609144,0
2.643125415735418,18.815067524595335,0.8368266713191387,0.5762068375560387,1
3.980117428704284,19.31973277103734,0.5878577638028601,1.0,1
7.137934888312956,6.348564814835374,0.29142589031542077,0.27723866706709427,0
5.081371614497389,12.916680290592424,0.7270433230524822,0.34182731125113125,0
3.4584713220987235,13.853574328583415,0.5430640346412338,0.6475692158839681,0
4.447075138807337,22.182344902133227,0.3731683543321378,0.673154914139179,0
1.770881421757376,31.41218320758467,0.8809881236044736,0.7294234166708239,1
3.5152073826827652,25.43688265542504,0.2846140646419776,0.7810233283267078,0
2.6338462323923375,12.547039421307133,0.32472100163266876,0.641711727532359,0
0.1,32.02913188158101,0.8406785052917576,0.6747806030216636,1
3.3646488131239485,15.285668330974367,0.6559555409913602,0.18393700874406632,0
6.12508010009678,13.504066127950644,0.6475106932451067,0.4959615365220631,0
4.542582106142399,4.399386917055541,0.3659783297080954,0.2967728120286788,0
2.7586211927549282,14.22555138261355,0.39395721701062086,0.7906046797381941,0
5.019306670942481,18.021393472413216,0.22332124745348772,0.3386228597536463,0
2.9037295339295506,12.195148790222667,0.7009388267192588,0.650602095748564,0
4.247734191279565,16.58189841574385,0.4275191127953004,0.4265138730706955,0
4.366985351143514,25.440461170725403,0.5590318920626589,0.5521852237273602,0
4.866261231719587,33.20179053283173,0.43323561875972033,0.7289029987012025,0
3.816712093107066,36.62261584286665,0.5669719636094341,0.5735384389964167,1
3.7847208600241644,19.637025174766727,0.8272489234433342,0.7681900506575627,1
0.3498052715906774,3.472298229381579,0.2917703423804111,0.43932573046821355,0
6.089945461932237,23.341878229376793,0.5791187590667605,0.37456948144988766,0
3.4386438628098666,21.280214911538618,0.3495152148966518,0.4761746557276917,0
1.543629507197291,10.770096173440226,0.2414029381336225,0.42567856151525163,0
0.8450745340198086,16.92451751530699,0.7226941694837558,0.8366032369178611,1
4.919128779399362,9.077541898561574,0.166787814327564,0.5564064383328683,0
2.3434176230895494,7.991291334861228,0.7846146931815623,0.9243042064397289,1
0.8473650174359976,15.536523519805042,0.45696178197795156,0.7458659743999049,0
0.1,11.801728787232877,0.235899434178134,0.5466666884510258,0
3.402040373791926,42.778752251794465,0.46847709228021256,0.8467080147131084,1
5.336804602235246,43.76088729864367,0.6229327531974425,0.7241056889368194,1
0.6299279188734195,22.20891574192197,0.5605856980177024,0.6586808114395851,0
2.9352701557594307,44.770150244381696,0.46643458017245365,0.5487269392874521,1
5.44959912436834,17.486849401556068,0.21121799613769188,0.6197501996158122,0
4.310192069229845,41.633084877495726,0.904834177527552,0.9442124251762473,1
2.5826926167057485,45.33173905984741,0.3865567269007071,0.6780929614324837,1
5.179772396438658,14.681682531492049,0.5171360961017119,0.4673315170008176,0
6.2891070390403385,2.9132084892520766,0.5486345899841133,0.6154449534054143,0
5.601402217464868,16.88502395782904,0.6952051355636931,0.5509841907745094,0
5.668416768415102,13.489101393348617,0.6661545324222518,0.4556015005529944,0
3.6752230227878284,23.47407745008556,0.30751169161165737,0.5899892453027934,0
6.933169793351482,18.23879951727195,0.15089327605803077,0.2578459047467464,0
4.965446758821156,28.078670558051446,0.44691538176703366,0.6536938061880788,0
5.861751406064209,22.19289659747589,0.7461155711714172,0.6413845763917395,0
5.375181644085289,18.35635721654361,0.3470126627863854,0.597155026259287,0
2.5200418986569217,17.693349534097283,0.36174896698984726,0.5472516899595995,0
2.2603959723839995,22.02192133408031,0.2529935491643318,0.5487440412813223,0
1.97540923876252,5.31814667728955,0.5168206749512364,0.4394422217904993,0
3.4376295179274394,17.140647339551386,0.6441905622597149,0.6245855340356858,0
3.818335118014267,5.004022446351008,0.5734039194813558,0.42440842734668227,0
8.43193033079005,17.989806027561528,0.6022204834409504,0.6270969960235425,0
3.6224768433026275,14.910130353641211,0.7479809427982267,0.9748102203052824,1
5.319860100311516,7.182973120986072,0.6216806895241574,0.7131466712878353,1
4.495639187824043,17.058921718682466,0.37763985099247066,0.707796282222242,0
7.24932232990677,0.1,0.3544951940528389,0.6311070469020139,0
6.009952942492611,6.747325764997848,0.7722810351952281,0.4064230922477435,0
2.76239248286698,11.70134636677122,0.23737232605160577,0.4027134658350966,0
0.45135953523768624,59.80300897766844,0.49374276093102365,0.943861696117749,1
3.957124830495434,31.46700268599869,0.6911474068031549,0.7853516076546513,1
4.952801298906936,1.5012502789640565,0.7192012502348628,0.6027763767152653,0
4.728195551281989,5.835366983555993,0.671223161034421,0.7661137687269228,1
6.911821981526029,9.972056932622268,0.32923945644556085,0.16243417922602119,0
7.645357809611713,8.588572885080428,0.3535450287264812,0.6868393206831419,0
6.385331141878828,20.91586313128065,0.3738523583549298,0.28343741507294906,0
2.455052407425916,23.73809913154507,0.7852513840401013,0.5205551619105344,0
1.0902211287826684,16.603435920157505,0.4342463257845403,0.4540796504252831,0
1.3948503892649526,22.317729985808903,0.3533413787450594,0.3839512737385188,0
5.008749926612407,13.844722356247098,0.5878262150867174,0.4278950568756057,0
2.0002290157192277,25.54450925196612,0.5000769847438191,0.6489770870625723,0
4.308483634632408,16.65738120508697,0.6701823688320141,0.581895126765663,1
1.3101283987490324,5.834168387260637,0.22521954796930413,0.614697231501403,0
4.585763234988161,12.9808887372354,0.38332703767721604,0.47792960541782015,0
4.0604290265242,29.09342642359977,0.6770814901977213,0.7261249350087037,0
3.8161036295195174,32.984373709836056,0.46107141794885775,0.5805445845337392,1
0.1,37.88934833195258,0.44507778006006177,0.41553195738527543,0
1.5123169340277087,18.889283614384173,0.5679461919060756,0.6416328586308565,0
0.1,38.01301329875743,0.7684816566121484,0.5249095696086605,1
1.8787468706096528,24.781635699560848,0.7625201490180645,0.628498271370086,1
3.6222422070897085,14.098093672261175,0.5078421223601035,0.8053717960187802,1
6.381620057997749,21.431759129660012,0.1368824802248783,0.5922014176631482,0
0.1,21.231448575827628,0.6400899988934193,0.8187658406474149,1
5.32911567260938,8.595086665047816,0.4375093410908918,0.4802361877922616,0
1.290968829359157,17.41497641912669,0.1800346515875428,0.3593757739070788,0
0.1,21.33832690441891,0.5930987902478408,0.7079105687191396,1
1.0446851529887224,18.64492805019794,0.5539188639521683,0.36949920473032677,0
4.832376042876606,12.721643395907718,0.2601861516530961,0.4013219070566358,0
0.1,35.42297542236027,0.7537261776799449,0.9039410348659963,1
2.6598193087203432,9.15696275653228,0.4222650982794903,0.6710726191896407,0
3.835267677548336,27.4071739134869,0.38319444621242943,0.29027919024045395,0
5.497425512082621,19.03745372075639,0.4964202221044589,0.5630323457209618,0
0.6201631851797269,7.447367910886874,0.35944153568837756,0.4348774311262344,0
6.811287483802094,47.358299322582454,0.6137936502999004,0.607017687691068,1
5.390815097053976,17.514168801369948,0.4089129786612622,0.39827206967566875,0
0.8355338721924073,41.95904615770807,0.533096102169308,0.9528952529721442,1
1.8468638004193996,0.1,0.28605875518728513,0.5151830739188955,0
2.234444097742346,17.51827243787868,0.5618499937418174,0.5180306006688034,1
2.8737771604133613,11.844377702002246,0.6985999687499912,0.7331704594382487,0
6.957180997646789,12.910660053469773,0.5514760929851095,0.6960715565834547,0
5.054589661107548,19.035160601236168,0.24051485251876903,0.5195606425087537,0
7.070538067042193,27.668964854941322,0.6672798136897271,0.33772791747871456,0
8.922947287341236,23.384381151561932,0.5508104238705636,0.40501796003977625,0
5.481990178788254,25.93682142574925,0.3011796012662072,0.6095608866481238,0
4.882783852201702,16.46914505011581,0.3709530505100793,0.7134630008757519,0
2.9068641185502573,20.36435072780945,0.36903151751997115,0.6202629621293354,0
2.5153692638599123,21.246519508941127,0.4693727587354135,0.6494118287795554,0
2.5082369407163863,17.60462746563098,0.5033113703428952,0.5830930229213098,0
4.271849592845847,30.824141309168077,0.445736484271905,0.35355953249045424,0
5.098541502657971,4.381554135372097,0.6054019629913239,0.7489359255752579,0
2.910501865332157,16.657466580300166,0.5179504090886544,0.7572546338873916,0
5.022727749272835,5.415529598936107,0.26852419503979297,0.5128892005050207,0
5.098375396100397,25.613725434360344,0.34572164107947506,0.7692548575423199,0
8.6197376981411,4.429464761043652,0.4701066283897955,0.630676815324017,0
2.6925594383496887,5.472367729233582,0.5536834625584581,0.734595905392427,1
0.6058726714928233,11.90537766165753,0.6407848460752944,1.0,1
0.34908012003470473,5.010515113378147,0.6230648445597511,0.6782442308985203,0
1.94691604000765,8.576523179668591,0.6838248178178069,0.6884640025411268,0
3.948811892470527,31.945309073422873,0.6853938863681697,0.7551467542435651,1
3.05560771213133,16.922848256904043,0.16220279914131214,0.6610490878061867,0
1.850510871075779,6.5567331943063305,0.5459256882720055,0.7408018783017677,0
6.257655910610349,19.618439076738067,0.4722612840462347,0.7867761596688031,0
4.815961705121711,7.000386791099141,0.3795658590620361,0.5163615474131623,0
0.706333809197223,21.325795731547522,0.43986642063743064,0.37466818531429685,0
4.193324298324921,10.364556564171233,0.188131743065028,0.3492789032590696,0
3.3287049474772563,38.99060643634963,0.6196219789423233,0.5834989555803086,1
2.261681302871961,42.34032033452699,0.8157010769668726,0.8268076976039996,1
4.601559910565629,10.73379051040298,0.6905316796470866,0.5802081442103033,0
0.1,13.81817547962213,0.41131325961373794,0.565142410057626,0
2.519952207454608,1.479552872113394,0.542262162699628,0.5808428813025621,0
5.415983855616167,17.34925441129389,0.34806312502220155,0.45415725088809705,0
1.8058937156403172,13.383694923192136,0.3470030974695311,0.6784120474275669,0
3.3282527465146394,19.521612010175524,0.240540933062513,0.8218659820552658,0
0.8735505760937792,32.13292304944424,0.4825522321654355,0.7936439659205228,1
2.0241518771895217,21.143495318206405,0.3653354270572723,0.42351297741510313,0
4.046108402672485,19.845167656670622,0.5511141859149777,0.6335919575922371,0
8.026617952517258,18.636561653138827,0.44807257668841144,0.7379502980606335,0
4.367772082679286,31.07209891665243,0.48554508695395077,0.678370664954302,1
1.25191419431633,5.795278488666223,0.2615502482788941,0.3300352822032569,0
5.090896185298433,16.696004805949553,0.2992072308504089,0.7084279118845016,0
8.78541881526794,14.722029430667385,0.3470852310939828,0.6282198294848468,0
3.5272312867537234,21.519914639673388,0.4776740719239967,0.7697748872989635,0
3.2049768594986707,0.1,0.8733838154373376,0.7175904690647398,1
2.0583474428604065,28.556310252994063,0.747998297369302,0.8692891222394301,1
6.901341432732915,4.716939390458149,0.22475477552316375,0.6809691105596448,0
1.0915580326571808,9.640517791891565,0.7209374648271032,0.48281344987458563,0
1.3936933064952761,8.871296832531652,0.42866359106317786,0.40334147333770537,0
2.8013385311507686,10.900185939127581,0.5437282478685462,0.774269115075869,0
5.920144560357771,6.353716034219064,0.4577155543329072,0.615536842178817,0
5.311326764480313,21.490425653535024,0.6423800899520749,0.7472922162011043,0
2.988150837098673,0.1,0.3082940092178719,0.7828944039954691,0
3.375075251651723,7.78724763648626,0.35451313947705243,0.6435665752997971,0
2.2542454740160167,57.187312328938106,0.487750661091262,0.618737048686239,1
2.9587185482826386,26.69661591522689,0.5407361994342036,0.6079285378698445,1
1.7224686755350807,10.648953012070319,0.8184133323977669,0.5234646904199043,1
3.5001887403316267,18.60419951632111,0.22168199872105762,0.500156098321351,0
4.2773019048371905,4.738864049243614,0.3518808889329443,0.526043437446737,0
0.6736635259646924,22.631411201966618,0.5897532554637566,0.5611477707428889,0
1.0587992355997218,13.120183735357898,0.4791859368248984,1.0,1
1.8480058580872463,34.516473218477344,0.6115664836577357,0.9172575122406684,1
1.580944924785903,22.425402420042076,0.09595624245492132,0.3892167345536871,0
1.9749162564693916,19.83586423539854,0.4784449350491384,0.6747871237935328,1
6.167873125891214,50.12236876579585,0.3492573930900951,0.7558104449150034,1
2.4724732407626826,11.12802267749262,0.5754455760490337,0.536523194047502,0
2.8179273632078825,43.55016055146321,0.44413123948008604,0.7685137092950888,1
3.419138499176387,31.39086976697101,0.5213779421570373,0.326078918719013,0
3.395248205072126,22.685267199013918,0.4702212760563955,0.7164222870337369,0
3.7645336031200625,9.592951540375516,0.2654986615863414,0.5333315958305618,0
3.2878703309069706,25.65445598613836,0.7565190961377988,0.9160553552009991,1
3.8645908905537523,14.642248983511456,0.7240304453762247,0.5139200684292202,0
5.1903137804368855,4.895319622946819,0.5499773816675873,0.4362577207438537,0
1.125851709899738,20.495477453478458,0.7167347471128419,0.8953639318562039,1
4.9085736736491965,25.763569356456664,0.46869677434523604,0.27408608712139443,0
7.195757378558435,23.345872933754915,0.5246585872105243,0.7415082116799446,0
5.686223249876866,10.058909280222524,0.5280443672480924,0.9645229984835174,1
3.629311960747741,23.441863493026815,0.4467991264810748,0.39437707806709654,0
2.497364451216752,17.673148925196113,0.47658597769698985,0.26101211938322183,0
3.6138481154999487,19.61620528114999,0.5340229560747487,0.41086895897318687,0
2.4761082707612942,29.890582130916954,0.45331310955850423,0.6491406220194177,0
6.454584355927608,0.22780889379423575,0.6234555721436589,0.3447801644402188,0
4.88784394685558,14.703552869316082,0.4117949746652908,0.5909455268650747,0
4.008600238988116,56.77715201801374,0.8281821296634264,0.4335632286223537,1
3.124039366318278,4.162877720048019,0.6700527609907494,0.3788300043720333,0
4.285377093982167,25.21429857109548,0.5420969100560605,0.37806432699135645,0
1.8956317992315326,9.698713346907844,0.7126496626071447,0.9509177054142741,1
6.244910448397218,3.8723398241435136,0.5561389371538057,0.5096158234220046,0
0.1,28.18701507933956,0.5013361007636038,0.7536137142056766,1
4.361686979442763,5.321392523288564,0.230299245300066,0.5714747509062833,0
6.585370927104181,30.159973628101067,0.3889903300875036,0.5586030101266137,0
0.7911253544878227,20.390559316438715,0.7219571027352778,0.5314209885031583,1
3.5185155079074737,14.948602101203457,0.4688266614298453,0.3807266458448892,0
1.8476661610542133,20.66085566998961,0.8462678799538974,0.9751687969549013,1
0.14810631491923168,21.945416024886253,0.5007282304328975,0.5933691059345495,0
3.058893431323809,15.651991069899836,0.5619849791454331,0.5022428187058943,1
1.8597500930100566,35.98335710123795,0.7707896034890832,0.6418358538953588,1
3.1720070351408785,5.124035707274897,0.4351854417606575,0.47964960144949026,0
3.888446250923135,26.578291115312254,0.18499104987551063,0.7053178893054844,0
0.2699620218558111,18.540812486001713,0.6733178289203289,0.6724120509845978,0
0.1,11.788515135650714,0.5680204232530794,0.3307015468724999,0
4.1124651643751715,18.176616501003544,0.3829622466554198,0.47729618366421106,0
0.5964563194907314,35.818064215587825,0.512191726853419,0.364068014078392,0
4.287865520909202,10.098732133074947,0.6939589412991576,0.6641575611984576,0
4.732887782718697,12.076195133464852,0.7372140825800491,0.7432030582713139,1
2.3278067740117354,26.458994190562063,0.6629091915023501,0.7603189823218035,1
7.763192488393612,0.1,0.5602481087487329,0.5564959623030525,0
2.9371701921890425,53.68162565511588,0.4090103129491417,0.8108944916806805,1
8.599032758702814,16.94835716577326,0.27448673172977595,0.36191980051286277,0
0.8412938908010812,25.89766460826844,0.17141638424971192,0.6157437557248329,0
1.0571403278655704,33.854166344172,0.32990420795820885,0.44784739763921966,0
3.7954734510451877,5.843729071490188,0.18693843244706798,0.6191342261206461,0
5.477095187343515,4.395731031305561,0.5249596415609848,0.4539911304371453,0
2.873258566502816,9.175731811270452,0.5831847078910329,0.28856836149676257,0
4.7421305040747495,3.513252607738063,0.3072134839113964,0.5819508270793906,0
0.1,54.03165394465825,0.5012175693663131,0.6643226995360302,1
6.712552026271185,10.353200502981773,0.4005018044450869,0.6227342403861877,0
3.6079984835924335,14.782608909764715,0.45505063862191286,0.3240539988221698,0
3.3759173317845206,15.636132259523267,0.658169702891922,0.36515105004124926,0
5.613842724476839,6.453608429035176,0.3838202114233527,0.6734103392738477,0
4.880537708699576,5.787503196422392,0.6023961186149207,0.4158180813973406,0
7.969166351423598,25.228470624103704,0.31137894394646326,0.6449122620824919,0
3.901560329195017,13.799506726910757,0.3951662196052884,0.6343625417798958,0
3.9149080469654525,17.63186553169383,0.3099595681859289,0.3662493634963377,0
4.431621192500675,14.720641152216295,0.7944343478384757,0.860054610405203,1
4.264542836404982,48.36010530050269,0.4909864387067072,0.7526216166422844,1
5.0926265469795515,9.02439884858157,0.5619077456993601,0.7065033071403534,0
7.398277656331227,9.264854366890368,0.48781955718451353,0.3524075719008268,0
5.734991058537586,7.135398393093764,0.23707446256152997,0.6180811323259544,0
1.6647621281782305,12.464016789091833,0.3405330734165324,0.31013924891542,0
6.267921938603616,19.360137089838478,0.52246758770683,0.39389773890575897,0
4.340021444851447,18.54356107955201,0.4978782597180443,0.526284366319462,0
3.551039194814832,10.145495467401346,0.37390664345467706,0.6173035982506581,0
6.135203168383333,3.8921311030820775,0.2838189292440703,0.4346505153766741,0
2.1700395856711028,15.89163210161783,0.5538304491327166,0.6217653387919607,0
3.3109915032792303,24.912112350583506,0.7169867492174238,0.6105828698470424,0
9.02284408527111,22.30568680020406,0.38494855630698144,0.2921521119807536,0
4.218341922463246,5.059204068621086,0.8040794580607726,0.7942898527220712,1
3.63575620381607,47.775791276271384,0.5889077442844144,0.6035348873810845,1
2.4894599102525206,24.883433983551445,0.5558032317909828,0.7283126589004915,1
5.148552621752797,16.59626234324826,0.3521787032932269,0.47514391820201535,0
4.172157750604968,9.947314277352529,0.6006371763429645,0.42182214234168514,0
2.8760220701229926,3.21555470717231,0.4520208165931452,0.40829943039740835,0
3.8620129514691763,5.719503714034545,0.3178794182794953,0.6815754200840977,0
2.8728159535028324,11.301566181361766,0.5154960612877507,0.6170657847889922,0
8.28215891787142,13.564908401746099,0.3266632023714578,0.5100092515731571,0
0.3855794769409504,20.460052411159623,0.643956724236901,0.24054804237419397,0
2.8162364701561553,9.37963418943939,0.21098318365519483,0.3156251087132142,0
0.1,18.5373301673025,0.6045367807618736,0.6643430556950596,0
5.829896263514423,14.165510108904284,0.6529729222239776,0.4019484045192153,0
8.57415992617291,10.647366898145279,0.509576977071624,0.48645289247680074,0
5.375103118224662,21.107822741820204,0.5823917215815853,0.5948826934636411,0
0.1,5.4010936640711185,0.25248590273904814,0.2996576004113787,0
8.384089788400946,30.32725845328594,0.5237252634832322,0.4605375739047452,0
2.4493602275798216,18.554557134880994,0.4681209670886496,0.459142470728097,0
6.658977206022527,13.758365467549488,0.4817281514629927,0.5649208651681296,0
3.5968936666574205,18.169422801662595,0.48569080194840974,0.6843869805915965,0
3.2645002229635653,8.979432602797278,0.5507891194451322,0.688151057874524,0
0.6473211744487166,11.55888864331142,0.149505192738867,0.534759398574219,0
1.914203438080863,13.274057798213668,0.48245260056036066,0.6714179392225654,0
5.165282842040029,34.21418601262191,0.9353829595612022,0.536786270919869,1
5.215832211709688,13.701999672633233,0.6969990077496122,0.6278156581969514,0
2.0042851331843927,15.759350104187863,0.33898447747277727,0.6773976226858262,0
4.546547536175136,15.087825080603567,0.5100492968037945,0.38492328998177555,0
5.45364762347532,15.08589461666685,0.25854327477714933,0.6990332958891012,0
2.286393915646138,25.492191908562745,0.48477551789690876,0.350247620722874,0
3.6931804291518797,30.29300275117613,0.5290106907060773,0.5510149651910177,0
3.7128954977556856,4.031582054685087,0.6790185412493113,0.34590752183581647,0
4.15457079114149,15.901576786248043,0.22788212099211472,0.5260702136494076,0
3.4965333506520984,17.497499681889426,0.6216591477858824,0.6105361747034282,0
8.174393380424993,20.54973779547494,0.29857606928139724,0.6761254325529498,0
0.1,5.056187596341621,0.6358744740822526,0.7323054582647237,0
0.19862880507166827,11.781674379604523,0.290708971931745,0.41395837606592617,0
4.109924770705415,24.004635153128298,0.5958220841188488,0.7161186078965314,0
0.598548595874828,41.284034531503856,0.5988950292231474,0.9575327248978962,1
2.634415127553072,17.172700114150643,0.3023606840103913,0.5242164110164573,0
6.21640160333746,6.255530983833662,0.4966708976622798,0.753418173889546,0
0.1,39.39970089647533,0.48470775710902353,0.8403101185446797,1
4.741726618963695,0.1,0.5410540545364863,0.2681561360337442,0
1.6245897999474024,0.1,0.5208891341067367,0.6675363597348847,1
1.9174144634156414,48.8740993903602,0.52724033302709,0.7892752027544241,1
0.1,33.18215375685886,0.761369466052654,0.6472806070998036,1
5.5627266401184325,1.1271510398169382,0.3085726176311139,0.33906644802094066,0
2.31934558671254,10.192056105052997,0.293473624343253,0.5613426989173002,0
1.5863532490067431,8.98390406585126,0.46350667232972825,0.7733416004221347,0
5.607414433072747,38.95043123839409,0.30689748564457364,0.4806020950684243,0
4.206521500469798,22.01742972842966,0.22109276701550815,0.6880520392706467,0
6.7650441623429405,14.409874144177289,0.2647463395014693,0.8617461311614002,0
2.217889768480467,32.96060828774096,0.2573987462380743,0.41984439869708745,0
3.119375523472524,16.82172680087248,0.42376298977599763,0.8021627368751797,0
5.290966715165101,13.106078751598085,0.5651915725100362,0.3893796329292203,0
2.3703430654396858,18.492627325944962,0.5683406271176236,0.273698946804792,0
1.2004250435122814,28.807472753788428,0.29424736054678613,0.7327216327337747,0
3.3849263979810567,7.113372600001178,0.26676489870999265,0.7827546675074473,0
3.1329073084732677,21.653932472716285,0.6603472558302116,0.9962961397353969,1
4.8054971994323274,3.023568346939301,0.6919740540017163,0.7342934299921489,0
1.8851933698801755,6.056630872842784,0.44717038632955114,0.30068065719048187,0
6.748349921562642,16.635847992358883,0.41287685701668286,0.6360442376182015,0
5.228828352306433,23.047549554798252,0.4201511034801738,0.25159590927338094,0
5.420378227197239,18.937136478152343,0.2896110498941004,0.5559250859158518,0
4.440220969237468,39.83374204322156,0.7519887877114436,0.8249114370738192,1
2.945089044678297,66.05907117794366,0.6455110785739354,0.602685774992922,1
2.5768871458757,15.094036327141115,0.23562189681672263,0.6309495312354618,0
2.8330535839026205,7.719821649077656,0.2775610460800963,0.7273210601456929,0
2.581356706988862,0.4615576901325662,0.24092085356531648,0.5635326154305755,0
5.234437167754714,6.473832323793505,0.4450653421704981,0.7462243324174781,0
5.536645053613728,13.953611018277343,0.28236856266815386,0.6171630366666124,0
4.181860842293471,12.423629008789923,0.861802624240656,0.5801283607185879,1
4.870616939161463,18.102775716268543,0.5596437985210974,0.3383647171366883,0
3.577609173987984,40.00468246505865,0.4299781622690108,0.7703404387686046,1
0.943483684514152,13.78738334229732,0.39678146885703486,0.5212021169066909,0
4.476454064236058,3.892226573748226,0.6158552378065061,0.6366725834132256,0
1.65772807485817,11.77575758932831,0.4474360897731737,0.6222041410704521,0
7.3928192826109225,17.034835430778294,0.557896884854396,0.5049394543635625,0
0.21312445390989232,50.23491420482765,0.6695324732920109,0.8664352402314006,1
7.67045723435172,9.458098070601153,0.27413214489560267,0.6134488138611116,0
5.29216644140145,11.141761541678381,0.5743398720931361,0.4842617129300255,0
2.5378801833503473,16.846784029219013,0.35902565176179546,0.34905951637206417,0
6.595269998454531,15.658992884146006,0.5812842370693613,0.5559563317423173,0
4.013634197416312,55.85495528387104,0.7473509116792091,0.6424244413257467,1
2.6143990411619984,8.262563802347803,0.5932426114011268,0.8933802585475122,1
4.645122743127529,28.868230189642336,0.4590223742040066,0.7456370340934293,1
1.8827022229454673,6.69452509426957,0.6628972948795591,0.7187958247295997,0
1.6701044199246042,7.365179262982332,0.42257992254468785,0.5593323637826133,0
1.997920037022733,4.370583397111625,0.46847265068780325,0.46553109813549587,0
0.5492142608252673,13.284503768747392,0.37440995199886307,0.7768450322138708,1
3.553521826802737,4.719033198950201,0.3217553034661549,0.42133644476454357,0
4.48288345577993,4.812814840206749,0.33664977090577625,0.5644899454799581,0
1.7251579555804224,21.99609209797561,0.16638839015331497,0.6825184934245075,0
1.7703337817865257,14.041711827665647,0.3388871757142757,0.5375762469088426,0
4.005943777981616,14.885144939842133,0.6484322341907611,0.9621123019114554,1
6.394129473621679,10.551949801895349,0.24253684549928223,0.4715056287622131,0
1.2357009711751068,7.912323660749731,0.5692915845100851,0.43654725442520037,0
4.043953408651753,8.19077449916458,0.5502237626201485,0.6858322546198518,0
4.2556490160582285,9.912584781015791,0.24434603314387998,0.39368082641885166,0
5.710013165917867,16.30271520376898,0.22399381054391582,0.684155101309899,0
5.151135467453651,0.1,0.3606369801381204,0.7535329660512305,0
4.97865145305501,10.61544886226828,0.6960904978641808,0.7043358345480777,1
1.2156287799350474,55.77119564750387,0.6812245983454878,0.5614370210771773,1
5.218242740905893,13.543106842547802,0.5218434627506432,0.6556229223330321,0
4.94200889706814,5.128585414278005,0.7227419853301975,0.7809936008112814,1
1.2158358370909728,38.5326349764483,0.6752437556483021,0.5767886221899915,1
5.7668618278253705,15.606788755677984,0.2257773925663401,0.5218631308071179,0
3.34586325486362,26.480206346910702,0.38059871819332936,0.8623525995722154,1
1.6350325843094713,28.399184251191734,0.7508260930702145,0.7062415823150199,1
7.478485862542875,9.340645982775612,0.5647323453015145,0.6732844034116957,0
2.5239493833775635,13.010556176885164,0.4227134886420302,0.893406829086556,1
4.428071974316173,17.757261497620974,0.5736741792470423,0.6299574271830912,0
3.065665652326013,15.388782615042654,0.2619992284762623,0.48740577232811105,0
4.23447239760172,45.984986342821145,0.7179287391319134,0.8150011628777643,1
5.99760817023867,9.426459972278149,0.2971250569307087,0.40452686600503035,0
3.0416788314036434,11.87931931586453,0.44976037843698335,0.7301468759016213,0
4.411099263051243,21.830702059617362,0.278846680338274,0.39781008983375504,0
0.5260642407787492,14.772746525445623,0.6542205858046679,0.6189163169597269,1
0.34610379458850526,24.32805853909136,0.3388916725203335,0.6561349802178896,0
4.227297197332424,16.57353855445423,0.44284091022289607,0.63661837288058,0
0.1,22.162951849680514,0.28358706718820936,0.5819025092739358,0
5.743158056941005,24.56671749068004,0.535869008225018,0.6388873068108323,0
2.174049066469621,6.306435803369324,0.5267508379600404,0.45800812134141794,0
2.4343953506832907,24.33884959654276,0.30670530878494107,0.518760533345556,0
1.571582774483606,16.238234660785693,0.690599980152824,0.44184611067326574,0
7.504747364082002,6.3145525982613595,0.33992505397233164,0.7509990750341433,0
3.6937752885070894,2.0546043908045717,0.2818292030313276,0.5021181885435446,0
3.656104971342716,15.072020581271579,0.4551483392547193,0.7447381253645958,0
2.290526212720357,37.192502631007876,0.5712940859441902,0.7524588710911835,1
5.302648264199224,16.592805820597732,0.4457625918672023,0.5956288701760529,0
2.4032736648081245,9.672956385155757,0.4205448119842807,0.4138762088524499,0
4.271044033390108,9.566221886828844,0.6707476381029348,0.5374400422638792,1
6.023270355109395,1.1124850630025969,0.5580774831088574,0.4398792367621939,0
2.562008018030988,22.39986824750399,0.8574916043788325,0.6626341088506298,1
8.130388384246372,13.073259399776775,0.726280796433489,0.5344154291944649,0
3.8605358552061917,21.81099006696946,0.5968896907557868,0.6920132586461565,1
2.1146798658558916,28.856931489399216,0.21067406112507636,0.7264714834751217,0
6.207399072094669,0.1,0.46886506180134185,0.5460368685104591,0
5.589939383051827,48.120792001795216,0.6210926142324679,0.9487199790474429,1
2.458524040006844,32.832467211780816,0.492790449560391,0.6106541327404371,1
4.116316705875948,25.35165014202232,0.26240214767695247,0.5665344380275462,0
5.146136844412859,36.91528403710695,0.7719965214962994,0.5220625825931077,0
3.588008687885425,32.3389964266511,0.8926690059447179,0.43188080295080467,1
3.2269726952149904,16.808509606752395,0.7378804622073346,0.5979930044442348,1
7.368709109162506,9.516355521290443,0.3292238730019284,0.3719283178655151,0
4.6733186117428165,21.453029837519313,0.4149651261260241,0.7085303281577281,0
0.7753313058479636,18.324222547912292,0.37685256069974155,0.655577093086743,0
4.387405708376231,0.1,0.5211822869539436,0.5788415401936675,0
7.546949038870332,14.29796428777899,0.3694466625514222,0.6615601122479986,0
5.507975133215809,16.18143704838103,0.6196685322991119,0.3644700803891967,0
4.44142342588175,3.050802993915143,0.460850624788512,0.5459657875307355,0
4.461890027883047,21.95635510240015,0.551452226453611,0.31858437810060014,0
7.374008772770017,3.5529099963215374,0.3401039033976625,0.6116487902032863,0
0.3323514348368484,61.14387225793148,0.5441458704202796,0.9433864441053369,1
3.607387119798066,23.51098883794433,0.6573143446752168,0.47102298477240545,0
5.214725129323558,21.06422416207531,0.2757319002745833,0.8189793010211703,0
5.957535166907304,13.632627041107822,0.3115056656179084,0.3289552225985249,0
6.587621221381261,10.11675307929959,0.47905785066460704,0.4041158737372219,0
5.0190604960804786,32.94144538449674,0.5450829060090582,0.5131942356447701,1
0.13651399198716502,25.639908254358993,0.5818759109233921,0.6501372244723351,0
0.8954856482728946,42.42253917805215,0.42973585013636423,0.4162963252472537,1
3.366785205790675,1.3639701261057073,0.33920028661114193,0.5211826217780653,0
2.477995691138396,10.023084571343729,0.4757989031442189,0.8007520509216586,1
0.8268629065470747,25.570074275591004,0.7363988416058588,0.6758691508875377,0
3.9155376478899373,13.368431160881226,0.5042634992434988,0.6756221913449911,1
2.175963035128392,0.7609903979596186,0.5435179804415795,0.27925675016562107,0
4.86416173661748,15.15936635251257,0.3925714620471285,0.43456813105308656,0
2.6865248688240535,29.428784182707307,0.702521390336041,0.7596556192313263,0
2.373056459917134,34.80195122287318,0.4541036043919102,0.44224240565334016,1
0.4946691132872376,10.459052703089695,0.6098197727701755,0.5382284078687927,0
2.8645042552685354,22.565076678733544,0.4398299317448588,0.28329683831606106,0
5.325868675089374,10.539841047630707,0.3929362932877652,0.42801112496402477,0
5.710701289420444,15.933784055455833,0.5265720355241369,0.3668241603144436,0
0.31620752951468645,0.1,0.690671624778615,0.8334518772159111,1
0.1,10.389893051998301,0.3231972184019425,0.4386087326150316,0
2.6888470385963856,21.03995731907498,0.6722669837273251,0.7357020532978048,1
3.910461158956099,21.357701755221775,0.6748759276855217,0.45439050411497883,0
4.54680678185571,0.1,0.3310842746428634,0.33778450302187013,0
4.735762236563631,3.211799559067188,0.33777548560006376,0.3945843255837249,0
6.709720939210877,17.86939347487864,0.5549535575968833,0.5876536685529931,0
3.007078114180995,38.10624586612572,0.8606567381273087,0.8272998868678272,1
0.7895827965099013,5.052341049104409,0.5219458566328155,0.6936470219499363,0
1.490827071914684,21.64671955625539,0.2987424347328237,0.747300875236741,0
2.4660971935564264,16.352531110359198,0.32254534236987403,0.6558302312595031,0
3.335032079450306,9.940560182685122,0.3390666055022007,0.5025170693442427,0
0.6270796246507362,33.364171132732274,0.5795414483680564,0.554843337028204,1
2.554514293716062,27.678781194872325,0.28061563555639824,0.460638833735535,0
2.1783184989863775,21.19526781700531,0.3066512629788518,0.6569822176628977,0
0.1,6.436490941471537,0.634257467240782,0.5970508083218155,0
0.9757938821693672,38.49056502445823,0.7576141334228095,0.8979642213431827,1
1.2838838959203103,12.23567537540315,0.5548393918701117,0.42857518188210053,0
5.56274217855296,11.262600739746194,0.5600508941064983,0.5583158626941239,0
4.39972398054045,30.92959052676101,0.5348968058631818,0.7174965653821594,0
2.305049340624029,22.057377715940028,0.2968124792246922,0.7639995998246277,0
2.565051871146661,8.908938840785202,0.7246961922752254,0.33725097003761195,0
1.3428816433939956,51.990797366892906,0.49607523528724745,0.7113145638234167,1
0.9418909703986025,27.73005165267429,0.3849240387961147,0.6553137312920929,0
4.546851503208841,16.57397203733059,0.33692790478240886,0.589458844126412,0
3.6473506347846225,15.225150452042165,0.48782472459684656,0.5842895678903505,0
3.2370115819174776,26.079994109020852,0.8081888758254056,0.7834925617978127,1
5.550542226687225,28.448048018894166,0.37615591935955217,0.5573876089106301,0
5.6374670622049186,14.697589700096586,0.3220712586643428,0.8278818961092805,0
2.1489418934696913,29.95553851276017,0.714317995334468,0.9268534101552792,1
2.7162597132242103,18.05249041745055,0.7852601586012107,0.7181812612909215,1
3.354435286865757,28.056618076722422,0.716880248563911,0.8526139368282265,1
2.622040565575321,21.70434051311193,0.31104670519754996,0.3899840589899189,0
5.96648147860398,14.599001320332597,0.6507610380166009,0.43856424300758556,0
5.895588756840836,23.661963986334186,0.6250174571027448,0.26331260448336447,0
3.6290266955439376,31.456107412104267,0.3160756831216087,0.5592653418595089,1
4.564117833372975,50.99821486265488,0.7660767218228912,0.5305465977588105,1
0.647843108349658,39.246845789860835,0.556225660546749,0.5235015273077374,1
1.5975536005163635,12.288569069926417,0.22532767871348977,0.5109911119886882,0
3.6465103075831937,38.26616683834864,0.4898512068168079,0.522654148555479,0
1.430643517895338,14.51575499764446,0.501205530033092,0.632327385890322,0
0.10744343557666416,24.00104943261493,0.3300951148474853,0.21623199459395637,0
0.6842221116496778,19.19319885245621,0.6424521244935144,0.6629000335741848,1
6.662711105771032,20.983531794028924,0.5817492387159824,0.6384437788202192,0
3.10615660240651,12.74532199702309,0.35405194290487185,0.37281511100280207,0
4.861126655087957,15.700436470304611,0.35317720298432964,0.7217317450719254,0
5.129210359847565,29.84798445519056,0.3065822817274577,0.34295074781607604,0
0.1,3.009613884756013,0.5920257041831902,0.5387685138857943,0
5.311043106972845,7.495347758990488,0.4698284255650891,0.7249710597393899,0
1.2391367597226874,21.16737611957012,0.7197323002973867,0.5644841918186466,1
3.7925575165288135,14.162160696594153,0.5301287467252548,0.4853591921833085,0
4.1183223451856295,19.91583937088534,0.4005857599173302,0.5967994908095152,0
1.5598049384900912,19.27191749568392,0.3269572011949037,0.6504150004100118,0
2.6325110545499095,15.888807299365926,0.5590177845296368,0.3195300096761201,0
3.9601261984298124,36.265269562195,0.7167196128887016,0.7991602908178176,1
3.85375412715181,11.398687860655883,0.4685524939533531,0.7957220716430712,0
3.3175457715017296,23.07979815897682,0.6254772815192886,0.48735628475680737,0
4.364233479951279,20.35583272546188,0.654720450180047,0.5669191565498299,0
0.1,7.574190223067274,0.3678192971814479,0.5329615299311896,0
6.68203815480234,4.32793605595298,0.6380196262936567,0.5739196601208041,0
4.071910313424501,15.901263658525474,0.4837394293756316,0.4152775356124894,0
3.2439929344119327,5.955587088850985,0.3719841332367992,0.3828730950189278,0
3.614502426944224,10.054864934274029,0.6091054202864733,0.696546379874561,0
7.666000671491878,13.040283319753984,0.6383567770041296,0.3765924708090514,0
4.4536519974084054,28.00662173875834,0.5136071511820213,0.4780932582334713,0
2.044256186264457,7.431485469774138,0.685063859481711,0.3713076665319774,0
5.108964555397879,22.263648306113325,0.5105112877710178,0.6774226442651418,0
5.875573687017899,13.483630250806668,0.22185990032706826,0.8142539148958049,0
0.1,4.368893887989252,0.6120564499170991,0.731413740279919,0
3.4227381303661244,30.80367695939144,0.6790085931260399,0.7457784684503296,0
3.682017857824219,17.557702057036973,0.8680770390633745,0.7094716191831553,1
5.2092447245130815,2.719480734346205,0.2928455034411322,0.4973531366858813,0
3.6751467344031066,53.33673889055125,0.41928045482648135,0.7710014142136885,1
1.5278790932315576,8.241568869414223,0.5543330328039714,0.791941518113094,0
7.115116049750786,20.440622114000494,0.22627066605468985,0.7737480608255773,0
6.333029984423707,16.157216346766088,0.7070409798254284,0.6956397187406389,0
5.513149750685905,13.398947338542966,0.45430904004471906,0.46607899487129256,0
3.366252932080416,39.03665216602019,0.8588966514492222,0.6569740828749201,1
8.142749790275817,13.23274489541838,0.4313976387382993,0.5235735088204977,0
1.9916399988180276,17.90734411534873,0.6611331767304081,0.8421797251922094,1
2.8763659539449784,12.92094669520219,0.3265199065836133,0.6279987683056543,0
1.661323617799272,44.46863159123891,0.8307833150568469,0.5180908999633371,1
2.4845433895802174,19.144104244613015,0.3963811943023138,0.5897820359038994,0
0.5543442271186277,52.240605689998816,0.7310283847747212,0.7359601941085762,1
10.550095550555978,17.24372510395854,0.5930011919575926,0.704466047440548,0
6.608225912396156,40.93947343969202,0.7389316443029452,0.8754298203818873,1
0.1,15.814654281018884,0.25192365866229777,0.7002259151755748,0
3.797223684039576,9.172165620672045,0.3346250869057887,0.5327738690729376,0
5.689181440401234,0.1,0.5248362524128612,0.34143960191038447,0
8.919979667796229,19.600538031857052,0.5112351979869064,0.6886405898846906,0
7.323429907709601,13.554556004287011,0.420068538511617,0.43108369346446035,0
4.986168093455267,10.202504945699165,0.4538139521058126,0.36170154811353317,0
3.2532314811736143,15.980939683572926,0.42098413049645483,0.5840959263374751,0
3.5362388248534913,22.84589639008066,0.7229678842024742,0.353188433085574,0
6.137151367958315,17.591717450763063,0.35276967397192555,0.47633015870138357,0
6.839210136899595,35.55692130379679,0.3796862593597334,0.313002119039609,0
2.082273134376316,13.413368730484297,0.6270249619568024,0.6055723419998934,0
5.527790838345409,2.609318909573349,0.674316819662256,0.5298142470985422,0
5.064450831018145,26.218533913040297,0.4608178295878327,0.6638453146855285,1
6.150643497621025,4.288877130235216,0.57849845448153,0.7874438415802254,0
7.458217040227844,17.61120612370764,0.388648834155295,0.4668598270100245,0
3.4637706321065136,6.336451189730475,0.8636127400048398,0.7532248537173357,1
6.276673323753974,8.527927208666796,0.38470394656933243,0.5673638068650811,0
6.087378923973022,7.074624134962572,0.4376235995852675,0.47085229394246125,1
4.881275110890773,22.452212366875287,0.33562489753922875,0.39734913780188247,0
3.6066708239683836,0.1,0.24632480529123865,0.6907443606947723,0
2.345537642633272,33.724362942458654,0.7731023147725645,0.6427963043965178,1
